,0
0,"b'{""login"":""peskovets"",""id"":81573872,""node_id"":""MDQ6VXNlcjgxNTczODcy"",""avatar_url"":""https://avatars.githubusercontent.com/u/815738'"
1,"b'72?v=4"",""gravatar_id"":"""",""url"":""https://api.github.com/users/peskovets"",""html_url"":""https://github.com/peskovets"",""followers_url'"
2,"b'"":""https://api.github.com/users/peskovets/followers"",""following_url"":""https://api.github.com/users/peskovets/following{/other_us'"
3,"b'er}"",""gists_url"":""https://api.github.com/users/peskovets/gists{/gist_id}"",""starred_url"":""https://api.github.com/users/peskovets/'"
4,"b'starred{/owner}{/repo}"",""subscriptions_url"":""https://api.github.com/users/peskovets/subscriptions"",""organizations_url"":""https://'"
5,"b'api.github.com/users/peskovets/orgs"",""repos_url"":""https://api.github.com/users/peskovets/repos"",""events_url"":""https://api.github'"
6,"b'.com/users/peskovets/events{/privacy}"",""received_events_url"":""https://api.github.com/users/peskovets/received_events"",""type"":""Us'"
7,"b'er"",""site_admin"":false,""name"":null,""company"":null,""blog"":"""",""location"":null,""email"":null,""hireable"":null,""bio"":null,""twitter_use'"
8,"b'rname"":null,""public_repos"":4,""public_gists"":0,""followers"":0,""following"":0,""created_at"":""2021-03-29T14:13:32Z"",""updated_at"":""2021'"
9,"b'-08-04T04:12:58Z""}'"
